Occupation,ACEScore,Kmax,ThinkingCreatively
Accountants,0,71,29
Actors,100,75,84
Actuaries,18.8,0,0
Acupuncturists,0,66,47
Acute Care Nurses,0,0,0
Adapted Physical Education Specialists,0,0,0
Adhesive Bonding Machine Operators and Tenders,0,25,22
Administrative Law Judges Adjudicators and Hearing Officers,0,73,38
Administrative Services Managers,0,70,35
Adult Basic and Secondary Education and Literacy Teachers and Instructors,0,79,48
Advanced Practice Psychiatric Nurses,0,0,0
Advertising and Promotions Managers,81.3,66,65
Advertising Sales Agents,25,79,59
Aerospace Engineering and Operations Technicians,0,89,52
Aerospace Engineers,0,80,54
Agents and Business Managers of Artists Performers and Athletes,75,68,59
Agricultural Engineers,18.8,0,0
Agricultural Equipment Operators,0,71,12
Agricultural Inspectors,0,45,21
Agricultural Sciences Teachers Postsecondary,0,75,76
Agricultural Technicians,0,56,45
Air Traffic Controllers,0,62,57
Aircraft Cargo Handling Supervisors,0,72,28
Aircraft Mechanics and Service Technicians,0,92,43
Aircraft Structure Surfaces Rigging and Systems Assemblers,0,49,22
Airfield Operations Specialists,0,61,35
Airline Pilots Copilots and Flight Engineers,0,84,27
Allergists and Immunologists,0,91,47
Ambulance Drivers and Attendants Except Emergency Medical Technicians,0,55,34
Amusement and Recreation Attendants,0,56,0
Anesthesiologist Assistants,0,49,40
Anesthesiologists,0,90,42
Animal Breeders,0,42,25
Animal Control Workers,0,47,37
Animal Scientists,18.8,0,0
Animal Trainers,0,49,54
Anthropologists,0,0,0
Anthropology and Archeology Teachers Postsecondary,25,84,64
Appraisers Real Estate,0,0,0
Aquacultural Managers,0,0,0
Arbitrators Mediators and Conciliators,0,0,0
Archeologists,0,0,0
Architects Except Landscape and Naval,100,0,0
Architectural and Engineering Managers,18.8,85,60
Architectural Drafters,0,84,44
Architecture Teachers Postsecondary,31.3,82,80
Archivists,68.8,0,0
Area Ethnic and Cultural Studies Teachers Postsecondary,18.8,77,66
Art Directors,100,66,81
Art Therapists,0,0,0
Art Drama and Music Teachers Postsecondary,37.5,97,74
Assessors,0,58,27
Astronomers,12.5,0,0
Athletes and Sports Competitors,0,26,26
Athletic Trainers,0,65,44
Atmospheric and Space Scientists,0,0,0
Atmospheric Earth Marine and Space Sciences Teachers Postsecondary,0,82,88
Audio and Video Equipment Technicians,75,53,43
Audiologists,0,0,0
Audio-Visual and Multimedia Collections Specialists,75,67,45
Auditors,0,0,0
Automotive and Watercraft Service Attendants,0,44,14
Automotive Body and Related Repairers,0,43,21
Automotive Engineers,0,0,0
Automotive Glass Installers and Repairers,0,48,33
Automotive Master Mechanics,0,78,29
Automotive Specialty Technicians,0,75,19
Aviation Inspectors,0,79,38
Avionics Technicians,0,51,24
Baggage Porters and Bellhops,0,52,13
Bailiffs,0,48,17
Bakers,31.3,47,26
Barbers,0,55,40
Bartenders,0,68,23
Bicycle Repairers,0,64,37
Bill and Account Collectors,0,55,17
Billing Cost and Rate Clerks,0,53,7
Biochemical Engineers,0,0,0
Biochemists and Biophysicists,18.8,0,0
Biofuels/Biodiesel Technology and Product Development Managers,0,56,64
Bioinformatics Scientists,0,86,86
Bioinformatics Technicians,0,82,68
Biological Science Teachers Postsecondary,0,91,65
Biological Technicians,0,69,40
Biologists,0,84,55
Biomass Plant Technicians,0,55,34
Biomass Power Plant Managers,0,58,37
Biomedical Engineers,18.8,0,0
Biostatisticians,0,0,0
Boilermakers,0,63,34
Bookkeeping Accounting and Auditing Clerks,0,56,21
Brickmasons and Blockmasons,0,65,45
Bridge and Lock Tenders,0,0,0
Broadcast News Analysts,87.5,81,70
Broadcast Technicians,75,60,27
Brokerage Clerks,0,50,12
Brownfield Redevelopment Specialists and Site Managers,0,0,0
Budget Analysts,0,71,31
Bus and Truck Mechanics and Diesel Engine Specialists,0,74,26
Bus Drivers School or Special Client,0,53,13
Bus Drivers Transit and Intercity,0,57,31
Business Continuity Planners,0,0,0
Business Intelligence Analysts,0,0,0
Business Teachers Postsecondary,0,88,70
Butchers and Meat Cutters,0,43,13
Buyers and Purchasing Agents Farm Products,0,53,45
Cabinetmakers and Bench Carpenters,25,37,22
Camera and Photographic Equipment Repairers,12.5,53,24
Camera Operators Television Video and Motion Picture,81.3,60,60
Cardiovascular Technologists and Technicians,0,61,26
Career/Technical Education Teachers Middle School,0,59,48
Career/Technical Education Teachers Secondary School,0,67,60
Cargo and Freight Agents,0,46,32
Carpet Installers,0,45,26
Cartographers and Photogrammetrists,12.5,70,38
Cashiers,0,47,12
Cement Masons and Concrete Finishers,0,51,38
Chefs and Head Cooks,37.5,0,0
Chemical Engineers,18.8,0,0
Chemical Equipment Operators and Tenders,0,32,22
Chemical Plant and System Operators,0,63,24
Chemical Technicians,0,52,37
Chemistry Teachers Postsecondary,0,93,65
Chemists,0,83,44
Chief Executives,18.8,85,54
Chief Sustainability Officers,0,0,0
Child Family and School Social Workers,0,80,44
Childcare Workers,0,39,36
Chiropractors,0,63,40
Choreographers,100,0,0
City and Regional Planning Aides,0,0,0
Civil Drafters,0,0,0
Civil Engineering Technicians,12.5,56,55
Civil Engineers,12.5,0,0
Claims Examiners Property and Casualty Insurance,0,64,37
Cleaners of Vehicles and Equipment,0,28,8
Cleaning Washing and Metal Pickling Equipment Operators and Tenders,0,27,14
Clergy,18.8,45,70
Climate Change Analysts,0,0,0
Clinical Data Managers,0,0,0
Clinical Nurse Specialists,0,0,0
Clinical Psychologists,0,96,47
Clinical Research Coordinators,0,49,51
Coaches and Scouts,12.5,57,48
Coating Painting and Spraying Machine Setters Operators and Tenders,0,29,24
Coil Winders Tapers and Finishers,0,26,19
Coin Vending and Amusement Machine Servicers and Repairers,0,50,16
Combined Food Preparation and Serving Workers Including Fast Food,0,43,16
Commercial and Industrial Designers,100,83,67
Commercial Divers,0,69,50
Commercial Pilots,0,68,31
Communications Teachers Postsecondary,25,92,72
Community Health Workers,0,69,53
Compensation and Benefits Managers,0,0,0
Compensation Benefits and Job Analysis Specialists,0,0,0
Compliance Managers,0,54,43
Computer and Information Research Scientists,18.8,87,74
Computer and Information Systems Managers,18.8,73,76
Computer Hardware Engineers,0,0,0
Computer Network Architects,0,74,56
Computer Network Support Specialists,0,93,40
Computer Numerically Controlled Machine Tool Programmers Metal and Plastic,0,63,37
Computer Operators,0,61,39
Computer Programmers,18.8,93,57
Computer Science Teachers Postsecondary,0,81,73
Computer Systems Analysts,18.8,76,62
Computer Systems Engineers/Architects,0,0,0
Computer User Support Specialists,0,82,43
Computer Automated Teller and Office Machine Repairers,0,81,52
Computer-Controlled Machine Tool Operators Metal and Plastic,0,60,36
Concierges,0,0,0
Construction and Building Inspectors,0,0,0
Construction Carpenters,0,75,23
Construction Laborers,0,49,29
Construction Managers,0,0,0
Continuous Mining Machine Operators,0,65,14
Control and Valve Installers and Repairers Except Mechanical Door,0,45,20
Conveyor Operators and Tenders,0,60,23
Cooks Fast Food,0,32,15
Cooks Institution and Cafeteria,0,45,23
Cooks Private Household,12.5,0,0
Cooks Restaurant,18.8,33,20
Cooks Short Order,0,40,15
Cooling and Freezing Equipment Operators and Tenders,0,55,37
Copy Writers,100,69,70
Coroners,0,0,0
Correctional Officers and Jailers,0,69,26
Correspondence Clerks,0,70,20
Cost Estimators,0,0,0
Costume Attendants,18.8,56,20
Counseling Psychologists,0,99,50
Counter and Rental Clerks,0,42,15
Counter Attendants Cafeteria Food Concession and Coffee Shop,0,43,10
Couriers and Messengers,0,29,17
Court Clerks,0,69,16
Court Reporters,0,73,11
Craft Artists,100,0,0
Crane and Tower Operators,0,52,11
Credit Analysts,0,0,0
Credit Authorizers,0,58,15
Credit Checkers,0,54,15
Credit Counselors,0,0,0
Criminal Investigators and Special Agents,0,69,46
Criminal Justice and Law Enforcement Teachers Postsecondary,0,70,60
Critical Care Nurses,0,0,0
Crossing Guards,0,25,17
Crushing Grinding and Polishing Machine Setters Operators and Tenders,0,50,38
Curators,93.8,68,78
Customer Service Representatives,0,67,31
Customs Brokers,0,0,0
Cutters and Trimmers Hand,0,30,8
Cutting and Slicing Machine Setters Operators and Tenders,0,33,17
Cutting Punching and Press Machine Setters Operators and Tenders Metal and Plastic,0,32,12
Cytogenetic Technologists,0,0,0
Cytotechnologists,0,0,0
Dancers,87.5,67,55
Data Entry Keyers,0,70,22
Database Administrators,0,74,49
Demonstrators and Product Promoters,0,41,26
Dental Assistants,0,55,31
Dental Hygienists,0,65,25
Dental Laboratory Technicians,0,60,42
Dentists General,12.5,81,47
Dermatologists,0,86,24
Derrick Operators Oil and Gas,0,47,19
Desktop Publishers,18.8,59,53
Diagnostic Medical Sonographers,0,73,28
Dietetic Technicians,0,30,31
Dietitians and Nutritionists,0,0,0
Dining Room and Cafeteria Attendants and Bartender Helpers,0,33,24
Directors- Stage Motion Pictures Television and Radio,100,75,58
Directors Religious Activities and Education,18.8,63,52
Dishwashers,0,16,18
Dispatchers Except Police Fire and Ambulance,0,62,37
Distance Learning Coordinators,0,0,0
Document Management Specialists,0,0,0
Door-To-Door Sales Workers News and Street Vendors and Related Workers,0,0,0
Dredge Operators,0,58,14
Drilling and Boring Machine Tool Setters Operators and Tenders Metal and Plastic,0,47,32
Driver/Sales Workers,0,36,17
Drywall and Ceiling Tile Installers,0,80,31
Earth Drillers Except Oil and Gas,0,52,52
Economics Teachers Postsecondary,0,79,52
Economists,12.5,0,0
Editors,93.8,76,62
Education Administrators Elementary and Secondary School,12.5,85,55
Education Administrators Postsecondary,0,67,57
Education Administrators Preschool and Childcare Center/Program,0,68,33
Education Teachers Postsecondary,0,92,71
Educational Guidance School and Vocational Counselors,0,83,53
Electric Motor Power Tool and Related Repairers,0,63,22
Electrical and Electronic Equipment Assemblers,0,25,18
Electrical and Electronics Installers and Repairers Transportation Equipment,0,44,31
Electrical and Electronics Repairers Commercial and Industrial Equipment,0,64,41
Electrical and Electronics Repairers Powerhouse Substation and Relay,0,62,37
Electrical Drafters,0,67,25
Electrical Engineering Technicians,0,56,47
Electrical Engineering Technologists,0,80,61
Electrical Engineers,12.5,84,59
Electrical Power-Line Installers and Repairers,0,44,40
Electricians,0,68,35
Electromechanical Engineering Technologists,0,61,45
Electromechanical Equipment Assemblers,0,46,19
Electro-Mechanical Technicians,0,57,13
Electronic Drafters,0,62,32
Electronic Equipment Installers and Repairers Motor Vehicles,12.5,64,57
Electronic Home Entertainment Equipment Installers and Repairers,12.5,53,34
Electronics Engineering Technicians,0,61,36
Electronics Engineering Technologists,0,0,0
Electronics Engineers Except Computer,12.5,85,67
Elementary School Teachers Except Special Education,12.5,59,62
Elevator Installers and Repairers,0,79,42
Eligibility Interviewers Government Programs,0,72,0
Embalmers,0,79,33
Emergency Management Directors,0,0,0
Emergency Medical Technicians and Paramedics,0,81,36
Endoscopy Technicians,0,0,0
Energy Auditors,0,0,0
Energy Brokers,0,58,31
Energy Engineers,0,0,0
Engine and Other Machine Assemblers,0,53,28
Engineering Teachers Postsecondary,0,80,71
English Language and Literature Teachers Postsecondary,25,89,74
Environmental Compliance Inspectors,0,0,0
Environmental Economists,0,0,0
Environmental Engineering Technicians,0,47,25
Environmental Engineers,12.5,0,0
Environmental Restoration Planners,0,0,0
Environmental Science and Protection Technicians Including Health,0,48,37
Environmental Science Teachers Postsecondary,0,89,68
Environmental Scientists and Specialists Including Health,0,58,30
Epidemiologists,12.5,0,0
Equal Opportunity Representatives and Officers,0,55,25
Etchers and Engravers,12.5,51,32
Excavating and Loading Machine and Dragline Operators,0,35,35
Executive Secretaries and Executive Administrative Assistants,0,81,33
Exercise Physiologists,0,0,0
Explosives Workers Ordnance Handling Experts and Blasters,0,0,0
Extruding and Drawing Machine Setters Operators and Tenders Metal and Plastic,0,47,18
Extruding and Forming Machine Setters Operators and Tenders Synthetic and Glass Fibers,0,42,13
Extruding Forming Pressing and Compacting Machine Setters Operators and Tenders,0,35,28
Fabric and Apparel Patternmakers,31.3,44,63
Fabric Menders Except Garment,0,47,15
Fallers,0,29,4
Family and General Practitioners,0,90,33
Farm and Home Management Advisors,0,0,0
Farm and Ranch Managers,0,64,47
Farm Equipment Mechanics and Service Technicians,0,73,38
Farm Labor Contractors,0,44,0
Farmworkers and Laborers Crop,0,18,0
Farmworkers Farm Ranch and Aquacultural Animals,0,27,32
Fashion Designers,100,40,88
Fence Erectors,0,29,25
Fiberglass Laminators and Fabricators,0,32,41
File Clerks,0,55,23
Film and Video Editors,87.5,64,57
Financial Analysts,12.5,72,57
Financial Examiners,18.8,0,0
Financial Managers Branch or Department,0,52,46
Fine Artists Including Painters Sculptors and Illustrators,100,82,86
Fire Inspectors,0,66,27
Fire Investigators,0,72,32
Fire-Prevention and Protection Engineers,0,0,0
First-Line Supervisors of Agricultural Crop and Horticultural Workers,0,59,26
First-Line Supervisors of Animal Husbandry and Animal Care Workers,0,39,39
First-Line Supervisors of Aquacultural Workers,0,64,42
First-Line Supervisors of Construction Trades and Extraction Workers,0,53,37
First-Line Supervisors of Correctional Officers,0,60,42
First-Line Supervisors of Food Preparation and Serving Workers,0,45,17
First-Line Supervisors of Helpers Laborers and Material Movers Hand,0,48,34
First-Line Supervisors of Housekeeping and Janitorial Workers,0,56,18
First-Line Supervisors of Landscaping Lawn Service and Groundskeeping Workers,0,44,35
First-Line Supervisors of Logging Workers,0,51,29
First-Line Supervisors of Mechanics Installers and Repairers,0,66,34
First-Line Supervisors of Non-Retail Sales Workers,0,54,57
First-Line Supervisors of Office and Administrative Support Workers,0,60,40
First-Line Supervisors of Personal Service Workers,0,63,53
First-Line Supervisors of Police and Detectives,0,74,43
First-Line Supervisors of Production and Operating Workers,0,56,26
First-Line Supervisors of Retail Sales Workers,0,69,28
First-Line Supervisors of Transportation and Material-Moving Machine and Vehicle Operators,0,66,41
Fish and Game Wardens,0,70,54
Fishers and Related Fishing Workers,0,45,16
Fitness Trainers and Aerobics Instructors,12.5,0,0
Flight Attendants,0,87,23
Floor Layers Except Carpet Wood and Hard Tiles,0,50,36
Floor Sanders and Finishers,0,45,28
Floral Designers,81.3,52,50
Food and Tobacco Roasting Baking and Drying Machine Operators and Tenders,0,32,13
Food Batchmakers,0,40,23
Food Cooking Machine Operators and Tenders,0,47,17
Food Preparation Workers,0,28,11
Food Science Technicians,0,51,33
Food Scientists and Technologists,12.5,0,0
Food Servers Nonrestaurant,0,29,18
Food Service Managers,0,53,33
Foreign Language and Literature Teachers Postsecondary,18.8,83,74
Forensic Science Technicians,0,59,26
Forest and Conservation Technicians,0,0,0
Forest and Conservation Workers,0,58,51
Forest Fire Fighting and Prevention Supervisors,0,65,42
Forest Fire Inspectors and Prevention Specialists,0,68,51
Forest Firefighters,0,58,46
Foresters,0,43,45
Forestry and Conservation Science Teachers Postsecondary,0,83,73
Forging Machine Setters Operators and Tenders Metal and Plastic,0,42,24
Foundry Mold and Coremakers,0,39,13
Fraud Examiners Investigators and Analysts,0,0,0
Freight and Cargo Inspectors,0,47,28
Freight Forwarders,0,67,24
Fuel Cell Engineers,0,0,0
Fundraisers,0,0,0
Funeral Attendants,0,58,36
Funeral Service Managers,0,77,23
Furnace Kiln Oven Drier and Kettle Operators and Tenders,0,56,10
Furniture Finishers,18.8,10,0
Gaming and Sports Book Writers and Runners,0,42,15
Gaming Cage Workers,0,62,9
Gaming Change Persons and Booth Cashiers,0,42,12
Gaming Dealers,0,53,21
Gaming Managers,0,72,34
Gaming Supervisors,0,66,12
Gaming Surveillance Officers and Gaming Investigators,0,53,40
Gas Compressor and Gas Pumping Station Operators,0,61,30
Gas Plant Operators,0,62,27
Gem and Diamond Workers,0,34,41
General and Operations Managers,0,62,48
Genetic Counselors,0,0,0
Geneticists,0,0,0
Geodetic Surveyors,0,0,0
Geographers,18.8,0,0
Geographic Information Systems Technicians,0,82,59
Geography Teachers Postsecondary,0,95,74
Geological Sample Test Technicians,0,55,50
Geophysical Data Technicians,0,58,28
Geoscientists Except Hydrologists and Geographers,18.8,0,0
Geospatial Information Scientists and Technologists,0,0,0
Geothermal Production Managers,0,74,48
Geothermal Technicians,0,63,41
Glass Blowers Molders Benders and Finishers,0,55,38
Glaziers,12.5,62,27
Government Property Inspectors and Investigators,0,50,51
Graders and Sorters Agricultural Products,0,18,9
Graduate Teaching Assistants,0,64,48
Graphic Designers,100,0,0
Grinding and Polishing Workers Hand,0,23,44
Grinding Lapping Polishing and Buffing Machine Tool Setters Operators and Tenders Metal and Plastic,0,42,37
Hairdressers Hairstylists and Cosmetologists,18.8,39,68
Hazardous Materials Removal Workers,0,50,54
Health Educators,12.5,71,58
Health Specialties Teachers Postsecondary,0,83,49
Healthcare Social Workers,0,0,0
Hearing Aid Specialists,0,77,49
Heat Treating Equipment Setters Operators and Tenders Metal and Plastic,0,27,10
Heating and Air Conditioning Mechanics and Installers,0,69,44
Heavy and Tractor-Trailer Truck Drivers,0,47,29
Helpers--Brickmasons Blockmasons Stonemasons and Tile and Marble Setters,0,56,35
Helpers--Carpenters,0,71,32
Helpers--Electricians,0,50,17
Helpers--Extraction Workers,0,33,42
Helpers--Installation Maintenance and Repair Workers,0,38,20
Helpers--Painters Paperhangers Plasterers and Stucco Masons,0,32,14
Helpers--Pipelayers Plumbers Pipefitters and Steamfitters,0,59,54
Helpers--Production Workers,0,21,21
Helpers--Roofers,0,43,48
Highway Maintenance Workers,0,47,26
Historians,18.8,60,41
History Teachers Postsecondary,25,95,64
Histotechnologists and Histologic Technicians,0,0,0
Hoist and Winch Operators,0,35,20
Home Appliance Repairers,0,57,30
Home Economics Teachers Postsecondary,0,79,62
Home Health Aides,0,41,33
Hospitalists,0,0,0
Hosts and Hostesses Restaurant Lounge and Coffee Shop,0,48,11
Hotel Motel and Resort Desk Clerks,0,62,24
Human Factors Engineers and Ergonomists,0,0,0
Human Resources Assistants Except Payroll and Timekeeping,0,64,25
Human Resources Managers,0,0,0
Human Resources Specialists,0,72,33
Hunters and Trappers,0,0,0
Hydrologists,18.8,0,0
Immigration and Customs Inspectors,0,57,34
Industrial Engineering Technicians,0,67,59
Industrial Engineering Technologists,0,59,38
Industrial Engineers,12.5,65,58
Industrial Machinery Mechanics,0,75,25
Industrial Production Managers,0,77,51
Industrial Safety and Health Engineers,0,0,0
Industrial Truck and Tractor Operators,0,33,24
Industrial-Organizational Psychologists,12.5,88,57
Informatics Nurse Specialists,0,0,0
Information Security Analysts,0,88,51
Information Technology Project Managers,0,0,0
Inspectors Testers Sorters Samplers and Weighers,0,33,17
Instructional Coordinators,12.5,94,58
Instructional Designers and Technologists,0,0,0
Insulation Workers Floor Ceiling and Wall,0,50,24
Insulation Workers Mechanical,0,38,33
Insurance Adjusters Examiners and Investigators,0,66,20
Insurance Appraisers Auto Damage,0,64,13
Insurance Claims Clerks,0,70,8
Insurance Policy Processing Clerks,0,74,14
Insurance Sales Agents,0,76,29
Insurance Underwriters,0,0,0
Intelligence Analysts,0,0,0
Interior Designers,100,0,0
Internists General,0,90,48
Interpreters and Translators,0,93,38
Interviewers Except Eligibility and Loan,0,34,9
Investment Fund Managers,0,73,51
Janitors and Cleaners Except Maids and Housekeeping Cleaners,0,24,13
Jewelers,0,0,0
Judges Magistrate Judges and Magistrates,0,84,39
Judicial Law Clerks,0,76,26
Kindergarten Teachers Except Special Education,12.5,46,54
Laborers and Freight Stock and Material Movers Hand,0,19,9
Landscape Architects,100,0,0
Landscaping and Groundskeeping Workers,0,36,24
Lathe and Turning Machine Tool Setters Operators and Tenders Metal and Plastic,0,53,26
Laundry and Dry-Cleaning Workers,0,39,8
Law Teachers Postsecondary,0,94,60
Lawyers,12.5,92,58
Layout Workers Metal and Plastic,0,54,33
Legal Secretaries,0,84,26
Librarians,81.3,64,35
Library Assistants Clerical,12.5,62,28
Library Science Teachers Postsecondary,25,87,82
Library Technicians,81.3,59,20
License Clerks,0,59,10
Licensed Practical and Licensed Vocational Nurses,0,67,30
Licensing Examiners and Inspectors,0,66,21
Lifeguards Ski Patrol and Other Recreational Protective Service Workers,0,73,9
Light Truck or Delivery Services Drivers,0,43,17
Loading Machine Operators Underground Mining,0,45,12
Loan Counselors,12.5,77,57
Loan Interviewers and Clerks,0,52,36
Loan Officers,0,72,31
Locker Room Coatroom and Dressing Room Attendants,0,41,12
Locksmiths and Safe Repairers,0,0,0
Locomotive Engineers,0,48,7
Locomotive Firers,0,0,0
Lodging Managers,0,61,51
Log Graders and Scalers,0,48,21
Logging Equipment Operators,0,50,16
Logisticians,0,63,46
Logistics Analysts,0,0,0
Logistics Engineers,0,0,0
Logistics Managers,0,0,0
Loss Prevention Managers,0,0,0
Low Vision Therapists Orientation and Mobility Specialists and Vision Rehabilitation Therapists,0,0,0
Machine Feeders and Offbearers,0,47,20
Machinists,0,51,34
Magnetic Resonance Imaging Technologists,0,0,0
Maids and Housekeeping Cleaners,0,40,19
Mail Clerks and Mail Machine Operators Except Postal Service,0,16,13
Maintenance and Repair Workers General,0,48,22
Maintenance Workers Machinery,0,82,40
Makeup Artists Theatrical and Performance,37.5,0,0
Management Analysts,0,72,42
Manicurists and Pedicurists,0,51,21
Manufactured Building and Mobile Home Installers,0,65,55
Manufacturing Engineering Technologists,0,0,0
Manufacturing Engineers,0,0,0
Manufacturing Production Technicians,0,0,0
Mapping Technicians,0,66,27
Marine Architects,25,83,65
Marine Engineers,25,75,63
Market Research Analysts and Marketing Specialists,0,0,0
Marketing Managers,0,0,0
Marking Clerks,0,36,16
Marriage and Family Therapists,18.8,96,63
Massage Therapists,0,0,0
Materials Engineers,18.8,0,0
Materials Scientists,12.5,0,0
Mates- Ship Boat and Barge,0,46,22
Mathematical Science Teachers Postsecondary,0,92,51
Mathematicians,18.8,0,0
Meat Poultry and Fish Cutters and Trimmers,0,50,0
Mechanical Door Repairers,0,53,31
Mechanical Drafters,0,82,47
Mechanical Engineering Technicians,0,66,50
Mechanical Engineering Technologists,0,71,58
Mechanical Engineers,0,80,53
Mechatronics Engineers,0,85,64
Medical and Clinical Laboratory Technicians,0,47,31
Medical and Clinical Laboratory Technologists,0,50,25
Medical and Health Services Managers,0,0,0
Medical Appliance Technicians,0,69,47
Medical Assistants,0,60,31
Medical Equipment Preparers,0,71,41
Medical Equipment Repairers,0,64,43
Medical Records and Health Information Technicians,0,53,25
Medical Scientists Except Epidemiologists,0,75,64
Medical Secretaries,0,67,15
Medical Transcriptionists,0,78,6
Meeting Convention and Event Planners,0,76,42
Mental Health and Substance Abuse Social Workers,0,90,48
Mental Health Counselors,0,93,56
Merchandise Displayers and Window Trimmers,43.8,38,49
Metal-Refining Furnace Operators and Tenders,0,44,16
Meter Readers Utilities,0,30,25
Microbiologists,18.8,0,0
Middle School Teachers Except Special and Career/Technical Education,18.8,71,55
Midwives,0,80,41
Milling and Planing Machine Setters Operators and Tenders Metal and Plastic,0,56,33
Millwrights,0,0,0
Mine Cutting and Channeling Machine Operators,0,41,21
Mine Shuttle Car Operators,0,31,28
Mining and Geological Engineers Including Mining Safety Engineers,0,76,49
Mixing and Blending Machine Setters Operators and Tenders,0,47,17
Mobile Heavy Equipment Mechanics Except Engines,0,90,26
Model Makers Metal and Plastic,12.5,60,40
Model Makers Wood,25,63,62
Models,12.5,9,19
Molding and Casting Workers,0,32,17
Molding Coremaking and Casting Machine Setters Operators and Tenders Metal and Plastic,0,32,18
Molecular and Cellular Biologists,0,0,0
Morticians Undertakers and Funeral Directors,0,89,39
Motion Picture Projectionists,18.8,33,12
Motorboat Mechanics and Service Technicians,0,75,30
Motorboat Operators,0,55,20
Motorcycle Mechanics,0,88,28
Multimedia Artists and Animators,100,69,79
Multiple Machine Tool Setters Operators and Tenders Metal and Plastic,0,52,19
Municipal Clerks,0,86,24
Municipal Fire Fighting and Prevention Supervisors,0,66,43
Municipal Firefighters,0,61,38
Museum Technicians and Conservators,75,59,57
Music Composers and Arrangers,100,77,89
Music Directors,100,78,71
Music Therapists,0,0,0
Musical Instrument Repairers and Tuners,25,0,0
Musicians Instrumental,93.8,82,71
Nannies,0,0,0
Natural Sciences Managers,0,51,53
Naturopathic Physicians,0,0,0
Network and Computer Systems Administrators,12.5,73,63
Neurodiagnostic Technologists,0,0,0
Neurologists,0,89,56
Neuropsychologists and Clinical Neuropsychologists,0,0,0
New Accounts Clerks,0,65,26
Non-Destructive Testing Specialists,0,0,0
Nonfarm Animal Caretakers,0,37,23
Nuclear Engineers,12.5,0,0
Nuclear Equipment Operation Technicians,0,46,27
Nuclear Medicine Physicians,0,0,0
Nuclear Medicine Technologists,0,74,25
Nuclear Monitoring Technicians,0,40,34
Nuclear Power Reactor Operators,0,56,21
Nurse Anesthetists,0,0,0
Nurse Midwives,0,0,0
Nurse Practitioners,0,0,0
Nursery and Greenhouse Managers,0,61,63
Nursery Workers,0,27,17
Nursing Assistants,0,54,20
Nursing Instructors and Teachers Postsecondary,0,89,57
Obstetricians and Gynecologists,0,94,30
Occupational Health and Safety Specialists,0,0,0
Occupational Health and Safety Technicians,0,0,0
Occupational Therapists,18.8,0,0
Occupational Therapy Aides,0,49,34
Occupational Therapy Assistants,12.5,60,45
Office Clerks General,0,78,17
Office Machine Operators Except Computer,0,46,25
Online Merchants,0,61,39
Operating Engineers and Other Construction Equipment Operators,0,44,32
Operations Research Analysts,18.8,0,0
Ophthalmic Laboratory Technicians,0,33,27
Ophthalmic Medical Technicians,0,0,0
Ophthalmic Medical Technologists,0,0,0
Ophthalmologists,0,92,47
Opticians Dispensing,0,0,0
Optometrists,0,0,0
Oral and Maxillofacial Surgeons,0,94,47
Order Clerks,0,74,4
Order Fillers Wholesale and Retail Sales,0,23,0
Orthodontists,0,80,45
Orthoptists,0,0,0
Orthotists and Prosthetists,12.5,0,0
Outdoor Power Equipment and Other Small Engine Mechanics,0,67,31
Packaging and Filling Machine Operators and Tenders,0,25,14
Packers and Packagers Hand,0,32,27
Painters Construction and Maintenance,0,41,34
Painters Transportation Equipment,0,25,54
Painting Coating and Decorating Workers,25,43,25
Paper Goods Machine Setters Operators and Tenders,0,45,17
Paperhangers,0,43,18
Paralegals and Legal Assistants,0,65,22
Park Naturalists,0,77,55
Parking Enforcement Workers,0,41,7
Parking Lot Attendants,0,53,16
Parts Salespersons,0,59,13
Pathologists,0,95,44
Patient Representatives,0,88,32
Patternmakers Metal and Plastic,12.5,58,48
Patternmakers Wood,12.5,51,33
Paving Surfacing and Tamping Equipment Operators,0,38,26
Payroll and Timekeeping Clerks,0,63,14
Pediatricians General,0,84,32
Personal Care Aides,0,47,20
Personal Financial Advisors,0,0,0
Pest Control Workers,0,65,33
Pesticide Handlers Sprayers and Applicators Vegetation,0,47,23
Petroleum Engineers,0,82,51
Petroleum Pump System Operators Refinery Operators and Gaugers,0,45,32
Pharmacists,0,59,30
Pharmacy Aides,0,61,33
Pharmacy Technicians,0,67,24
Philosophy and Religion Teachers Postsecondary,12.5,88,61
Phlebotomists,0,0,0
Photographers,87.5,0,0
Photographic Process Workers and Processing Machine Operators,18.8,45,26
Photonics Engineers,0,0,0
Photonics Technicians,0,0,0
Physical Medicine and Rehabilitation Physicians,0,89,46
Physical Therapist Aides,0,53,27
Physical Therapist Assistants,0,51,40
Physical Therapists,0,61,47
Physician Assistants,0,0,0
Physicists,18.8,90,86
Physics Teachers Postsecondary,0,99,84
Pile-Driver Operators,0,60,27
Pilots Ship,0,69,12
Pipe Fitters and Steamfitters,0,61,40
Pipelayers,0,26,23
Plasterers and Stucco Masons,6.3,39,37
Plating and Coating Machine Setters Operators and Tenders Metal and Plastic,0,38,7
Plumbers,0,65,20
Podiatrists,0,78,24
Poets Lyricists and Creative Writers,100,0,0
Police Detectives,0,74,50
Police Identification and Records Officers,0,52,29
Police Patrol Officers,0,66,36
Police Fire and Ambulance Dispatchers,0,84,20
Political Science Teachers Postsecondary,0,84,65
Political Scientists,12.5,0,0
Postal Service Clerks,0,40,14
Postal Service Mail Carriers,0,38,13
Postal Service Mail Sorters Processors and Processing Machine Operators,0,20,11
Postmasters and Mail Superintendents,0,57,33
Potters Manufacturing,0,53,76
Pourers and Casters Metal,0,21,14
Power Distributors and Dispatchers,0,48,36
Power Plant Operators,0,31,29
Precious Metal Workers,0,40,52
Precision Agriculture Technicians,0,0,0
Prepress Technicians and Workers,12.5,58,33
Preschool Teachers Except Special Education,12.5,54,54
Pressers Textile Garment and Related Materials,0,26,11
Preventive Medicine Physicians,0,0,0
Print Binding and Finishing Workers,12.5,36,19
Printing Press Operators,12.5,31,30
Private Detectives and Investigators,0,69,33
Probation Officers and Correctional Treatment Specialists,0,61,37
Procurement Clerks,0,58,25
Producers,100,76,73
Product Safety Engineers,0,0,0
Production Planning and Expediting Clerks,0,55,38
Program Directors,100,64,76
Proofreaders and Copy Markers,25,67,59
Property Real Estate and Community Association Managers,0,0,0
Prosthodontists,0,91,45
Psychiatric Aides,0,50,32
Psychiatric Technicians,0,66,39
Psychiatrists,0,95,48
Psychology Teachers Postsecondary,0,87,51
Public Address System and Other Announcers,18.8,56,54
Public Relations and Fundraising Managers,68.8,76,68
Public Relations Specialists,68.8,0,0
Pump Operators Except Wellhead Pumpers,0,54,26
Purchasing Agents Except Wholesale Retail and Farm Products,0,0,0
Purchasing Managers,0,0,0
Quality Control Analysts,0,51,21
Quality Control Systems Managers,0,52,46
Radiation Therapists,0,69,32
Radio and Television Announcers,93.8,63,66
Radio Mechanics,0,60,50
Radio Operators,62.5,64,20
Radio Cellular and Tower Equipment Installers and Repairers,0,73,35
Radiologic Technicians,0,57,46
Radiologic Technologists,0,77,45
Radiologists,0,86,35
Rail Car Repairers,0,50,31
Rail Yard Engineers Dinkey Operators and Hostlers,0,58,28
Railroad Brake Signal and Switch Operators,0,49,22
Railroad Conductors and Yardmasters,0,47,12
Rail-Track Laying and Maintenance Equipment Operators,0,41,27
Range Managers,0,53,50
Real Estate Brokers,0,65,41
Real Estate Sales Agents,0,0,0
Receptionists and Information Clerks,0,56,21
Recreation and Fitness Studies Teachers Postsecondary,0,83,58
Recreation Workers,39.02,60,45
Recreational Therapists,25,0,0
Recreational Vehicle Service Technicians,0,0,0
Recycling and Reclamation Workers,0,53,18
Recycling Coordinators,0,62,41
Refractory Materials Repairers Except Brickmasons,0,43,21
Refrigeration Mechanics and Installers,0,76,36
Refuse and Recyclable Material Collectors,0,63,24
Registered Nurses,0,71,34
Regulatory Affairs Managers,0,0,0
Regulatory Affairs Specialists,0,0,0
Rehabilitation Counselors,0,73,26
Reinforcing Iron and Rebar Workers,0,61,20
Remote Sensing Scientists and Technologists,0,0,0
Remote Sensing Technicians,0,75,48
Reporters and Correspondents,87.5,0,0
Reservation and Transportation Ticket Agents and Travel Clerks,0,74,18
Residential Advisors,0,68,55
Respiratory Therapists,0,70,27
Respiratory Therapy Technicians,0,69,40
Retail Loss Prevention Specialists,0,60,34
Retail Salespersons,0,59,38
Riggers,0,54,16
Risk Management Specialists,0,0,0
Robotics Engineers,0,0,0
Robotics Technicians,0,0,0
Rock Splitters Quarry,0,29,19
Rolling Machine Setters Operators and Tenders Metal and Plastic,0,37,25
Roof Bolters Mining,0,41,18
Roofers,0,37,36
Rotary Drill Operators Oil and Gas,0,55,40
Rough Carpenters,0,62,31
Roustabouts Oil and Gas,0,33,22
Sailors and Marine Oilers,0,52,36
Sales Agents Financial Services,0,63,38
Sales Agents Securities and Commodities,0,87,43
Sales Engineers,18.8,62,53
Sales Managers,0,0,0
Sales Representatives Wholesale and Manufacturing Except Technical and Scientific Products,0,69,47
Sales Representatives Wholesale and Manufacturing Technical and Scientific Products,0,59,21
Sawing Machine Setters Operators and Tenders Wood,0,31,16
School Psychologists,0,88,47
Search Marketing Strategists,0,0,0
Secondary School Teachers Except Special and Career/Technical Education,0,68,49
Secretaries and Administrative Assistants Except Legal Medical and Executive,0,79,22
Security and Fire Alarm Systems Installers,0,45,33
Security Guards,0,26,7
Security Management Specialists,0,0,0
Security Managers,0,0,0
Segmental Pavers,0,42,32
Self-Enrichment Education Teachers,0,65,36
Semiconductor Processors,0,42,26
Separating Filtering Clarifying Precipitating and Still Machine Setters Operators and Tenders,0,43,25
Septic Tank Servicers and Sewer Pipe Cleaners,0,50,33
Service Unit Operators Oil Gas and Mining,0,60,40
Set and Exhibit Designers,100,0,0
Sewers Hand,25,0,0
Sewing Machine Operators,0,17,13
Shampooers,0,52,23
Sheet Metal Workers,0,48,32
Sheriffs and Deputy Sheriffs,0,69,41
Ship and Boat Captains,0,59,44
Ship Engineers,0,79,41
Shipping Receiving and Traffic Clerks,0,31,21
Shoe and Leather Workers and Repairers,0,24,13
Shoe Machine Operators and Tenders,0,39,25
Signal and Track Switch Repairers,0,52,22
Singers,93.8,50,42
Skincare Specialists,0,63,42
Slaughterers and Meat Packers,0,26,16
Slot Supervisors,0,69,30
Social and Community Service Managers,18.8,76,64
Social and Human Service Assistants,0,66,38
Social Science Research Assistants,0,56,44
Social Work Teachers Postsecondary,0,91,69
Sociologists,18.8,0,0
Sociology Teachers Postsecondary,0,92,71
Software Developers Applications,25,91,75
Software Developers Systems Software,25,91,69
Software Quality Assurance Engineers and Testers,0,0,0
Soil and Plant Scientists,18.8,0,0
Soil and Water Conservationists,0,0,0
Solar Energy Installation Managers,0,63,51
Solar Photovoltaic Installers,0,53,37
Solar Sales Representatives and Assessors,0,73,41
Solderers and Brazers,0,25,25
Sound Engineering Technicians,81.3,0,0
Spa Managers,0,64,45
Special Education Teachers Middle School,12.5,76,54
Special Education Teachers Secondary School,12.5,63,50
Speech-Language Pathologists,18.8,77,47
Speech-Language Pathology Assistants,0,60,36
Sports Medicine Physicians,0,95,50
Statement Clerks,0,56,23
Stationary Engineers and Boiler Operators,0,55,47
Statistical Assistants,0,63,43
Statisticians,12.5,0,0
Stock Clerks- Stockroom Warehouse or Storage Yard,0,17,11
Stock Clerks Sales Floor,0,32,18
Stone Cutters and Carvers Manufacturing,0,0,0
Stonemasons,12.5,63,33
Storage and Distribution Managers,0,0,0
Structural Iron and Steel Workers,0,66,40
Structural Metal Fabricators and Fitters,0,50,29
Substance Abuse and Behavioral Disorder Counselors,0,91,43
Subway and Streetcar Operators,0,56,11
Supply Chain Managers,0,0,0
Surgeons,0,93,48
Surgical Technologists,0,52,30
Survey Researchers,12.5,0,0
Surveying Technicians,0,0,0
Surveyors,0,0,0
Sustainability Specialists,0,0,0
Switchboard Operators Including Answering Service,0,53,17
Tailors Dressmakers and Custom Sewers,18.8,49,36
Talent Directors,100,52,62
Tank Car Truck and Ship Loaders,0,61,37
Tapers,0,61,0
Tax Examiners and Collectors and Revenue Agents,0,74,28
Tax Preparers,0,0,0
Taxi Drivers and Chauffeurs,0,39,24
Teacher Assistants,0,35,38
Team Assemblers,0,42,14
Technical Directors/Managers,100,75,56
Technical Writers,75,74,40
Telecommunications Engineering Specialists,0,0,0
Telecommunications Equipment Installers and Repairers Except Line Installers,0,70,38
Telecommunications Line Installers and Repairers,0,49,34
Telemarketers,0,52,14
Telephone Operators,0,73,19
Tellers,0,68,14
Terrazzo Workers and Finishers,0,43,16
Textile Bleaching and Dyeing Machine Operators and Tenders,0,31,31
Textile Cutting Machine Setters Operators and Tenders,0,28,30
Textile Knitting and Weaving Machine Setters Operators and Tenders,0,22,10
Textile Winding Twisting and Drawing Out Machine Setters Operators and Tenders,0,14,24
Tile and Marble Setters,0,33,44
Timing Device Assemblers and Adjusters,0,48,31
Tire Builders,0,50,15
Tire Repairers and Changers,0,49,24
Title Examiners Abstractors and Searchers,0,62,6
Tool and Die Makers,0,68,55
Tool Grinders Filers and Sharpeners,0,43,42
Tour Guides and Escorts,18.8,57,34
Traffic Technicians,0,74,42
Training and Development Managers,12.5,0,0
Training and Development Specialists,12.5,0,0
Transit and Railroad Police,0,70,37
Transportation Attendants Except Flight Attendants,0,41,22
Transportation Engineers,0,0,0
Transportation Managers,0,64,50
Transportation Planners,0,0,0
Transportation Security Screeners,0,0,0
Transportation Vehicle Equipment and Systems Inspectors Except Aviation,0,61,21
Travel Agents,0,53,36
Travel Guides,12.5,66,35
Treasurers and Controllers,0,0,0
Tree Trimmers and Pruners,0,41,41
Tutors,0,0,0
Umpires Referees and Other Sports Officials,0,0,0
Upholsterers,0,23,39
Urban and Regional Planners,12.5,0,0
Urologists,0,94,41
Ushers Lobby Attendants and Ticket Takers,12.5,25,10
Validation Engineers,0,0,0
Veterinarians,0,78,32
Veterinary Assistants and Laboratory Animal Caretakers,0,49,20
Veterinary Technologists and Technicians,0,61,19
Video Game Designers,0,0,0
Vocational Education Teachers Postsecondary,12.5,74,49
Waiters and Waitresses,0,48,11
Watch Repairers,12.5,66,47
Water and Wastewater Treatment Plant and System Operators,0,52,29
Water Resource Specialists,0,0,0
Water/Wastewater Engineers,0,0,0
Weatherization Installers and Technicians,0,0,0
Web Administrators,0,0,0
Web Developers,0,0,0
Weighers Measurers Checkers and Samplers Recordkeeping,0,32,10
Welders Cutters and Welder Fitters,0,40,40
Welding Soldering and Brazing Machine Setters Operators and Tenders,0,41,16
Wellhead Pumpers,0,53,23
Wholesale and Retail Buyers Except Farm Products,0,58,24
Wind Energy Engineers,0,87,41
Wind Turbine Service Technicians,0,71,35
Woodworking Machine Setters Operators and Tenders Except Sawing,0,44,21
Word Processors and Typists,0,84,39
Zoologists and Wildlife Biologists,0,80,44
